Name,protein_sequence
Sar01g00890R,MTFSNQLIIILSFLLTFLHASHPRDCSSSSCGLQDVHVRFPFWLHPNQPDFCGHPGFDLHCTTSQNTALNLPKSGTFLVREIDYKSQHIRLYDPESCLARKLLTFDVSGSPFSALYLVKFTFLTCPYEIATSSGFDSIPCLGNSTTSFLATTNFDIAKSMLPTCQIFKTLDVPVSRPVVAEKRRLSTYVNNQDLWLKWDSPRCSTCERDRLGCGFISNASLQVKCFPLGKSGTNYSSYICNEISCVCGRLQIIQGIIEFFGFFFSNNYPLIIN*KKKYRVCNTFDI*AVDY**LMNGLITFSKDQIQSCYITR*NVVLRI*NTIIIYTSTIRTAGMVDY*PFENVIWQAITTRKCKCLKS*AWPFSDRS*SFVLAFLSEFAPLRGLLPGDDETWLSRQLKQTRQQSRPVLTNLQ*NLTRKWS*ERVEDYRELMILCVLFVYLSMRAKTPCGAYRNVSIASTSNV*MHGLSFMVPVLFVGIRLLQHVKLS
Sar01g00900R,MISSKQLFPLGFFLILLFPLRHASNPKKCSSTVSRPFRCGPLEAPIRFPLCDHPGFNLHCTDLNKTVLELPMSGTFLVRDIDYYKQQIYISDPENCLAKRLLTFNMSGSPFSPRFSIYYTFFSCPNYVVLPYSYRSIPCLNNSNSSFYATSNYAFAELMLPSCQIVKRLHVPHISPSREIEFSSYVGNQSLMLEWLSPNCRSCEMNNLRCGFKKNSSLEVKCSGSKNHGKVDCFPLFFLLYL*TLKIERM*KKPVLVKGSRPCTSLIRSS*VLISSNTLPIKKVQEKHSRT*KLTMRNWLLIII*LHFLKIINQSSTTEVLSFYHSTRLSQNVVPRQKPY*HSL*NLFLIYSIYIYVYIDILIIKR*IY*DSIFFKNI**ILILNSVSIQNCTYTEKNLNRKPNQTLYIN**LVEHYLAGQLSRGVLAVIISFSIIVAVTLFGTCIAIRVYISPRRGHSAVAAATVPQRPREIMAAARGLDQSTIETYKKVELGESRRLRGTNGIICPICLSEYASKETIRFMPECDHCFHVECIDVWLKIHGSCPLCRNARK*
Sar01g01380R,MPSRLSPPDTPPTNNHHHSLHTLPLILTGSLTLTGALLIILTVLLYRKLYRNRTAPSDLVPNSSSPQHYQCRRFSYTQLRRATNSFSESTQLGHGGFGTVYRADLPSGTSLAVKVMDSSAGSLQGEREFHNELSLSSHLMNSPYVVSLLGFSSDRRNRRLVLVYELMANRSLQEALLGIRCEEELMDWRKRFEIATDVAKGIEFLHHCCDPPIIHGDVKPSNVLLDSGFRAKIGDFGLARVKSEALVSGGNDETRVVIEEDDDEKRKVVVAEEEDNGSIVEESESVITLFEEGNNAVSFSPENGCGSSVFTASPGPALIQSPDNCAVSVLTASPGLALIQSPENCAVSVLTASPGLSPEKGSVSESCLEQMSVESGSKQKVGSKRDWWWKQDNNGGSRGIESGSVKDYVMEWIGSEIKKESSNKEGWIKTGDGSSSSSVSKKKKKKRKPREWWKEEFCEELTRKKRKKKKKKRGLSSISSVDSWFHRDNDHHEQSHKRKKRNSIDWWVDGLSGDLKSVKKQSQDSGLWCDVNVQKSGGVSSTPSMRGTVCYIAPECGGGGGGGALSEKCDVYSFGVLLLVLVSGRRPLQVTASPMSEFERANLISWAKQLACHGNLLELVDKSIHSLEKEQAVLCVTIALLCLQRSPVKRPTMKEIVEMLTGASEPPHLPFEFSPSPPMGFPFKSRKKAR*
Sar01g01570R,MASPLLLSLILTIFLFLSPSPSSSSELHILLDIKSSLDPQKRFLTSWTPDADPCSPGSFDGVACDGNRRVANISLQGMGLTGTIPHSIGLLTSLTGLYLHFNSLTGQIPKDISNLPFLTDLYLNVNNLSGEIPPQIGNLDNLQGQSCLCMCYLS*SHSYILHLLQQSILSQLSLVLLHLA*KSLVLDLV*VLEEFLIFLLNKKLF*KKLF*NLINFGFQKLILS*L*KHPKLKPKYKNQFYQQKKTEKSIEFFLKKIKNSSKTS*FLVKTHIIS*L*KH*KLEQKKNQFHLK*IKYNIASSFESCN*FHNFYCLLVFAVLQLCYNKLSGSIPTQLGSLKKITVLALQYNQLSGAVPASLGDAGTLTRLDLSFNNLFGPVPVTLASAPLLQVLDIRNNSFSGFVPSGI*FYKPV*PNRNQRR*PSFWFDI*FNFLDFEALKRLNNGFQYSNNHGLCGDGFTDLKACTGSNVPNLNRPDPTNPKSFITTNDVKPESAVVQRSNCSNNNNNGACSSKTSKSSSLGVVMGLIGSILAVAIFGGSTFTWYRRRKQRIGSSLDATDGRISTEYNFKEASRRKSSSPLISLEYANGWDPLGRGQNSGNNSALSQEVFESFMFNLEEIERATQSFSEVSLLGKSNVSSVYKGILRDGSVAAIKCIAKSSCKSDESEFLKGLKMLTLLKHENLVRLRGFCCSKGRGECFLIYEFVPSGNLLQYLDVKDESGEVLEWTTRVSIINGIAKGLDSFILSKTKLCSCNLKSCVFFSFRHCLLAWRKWEEAINSSPESISREDSHRSLVQSVPCGFWSSQAFHG*HRFLQAQSECCDGILSS*VHNNRKVH*QERRLRLWYDCVADTQW*KQNQPFDDLTSCRVGTAE*RLHRSESPNEISRGRGGTAR*TWSSLHS*ILEPETINGRCYARTE*TRRELL
Sar01g02400R,MQGSAGFVKGFRSLTSTKKHTYGQAFHDEILQFKNSNGTMTSFSVTFFFAIVPEHKHKGSHGMAFVISPTRGIKNASADQYLGIFNEANNGNTSNHIFTVELDINKDDEFGDIDDNHVGININGMRSIVSAPAGYYNQEGQFRSLSLISGNLLRVTILYSHKDTQINVTLSSPEEGYYPNKPLLSLNQDLSPYFLDKMYAGFSASTGSVGAMHYMWIWFINGYITVPNLDLGIPTFPSYPITKTQVALIVLVTGFALALLAALVASALSLFFYKRHMKVVEVLEEWEIECGPHRFAYKELFKATNGFKQLLGKGGFGQVFKGTLPGSDAKIAVKRVSHNSSQGMREFLAEIATIGRLRHPNLVRLLGYCRYREELYLVYDFMPNGSLDRYLYGGSDSDQEELSWTQRFKIIKNVASALAYLHHEWLQVVIHRDIKPANVLIDDKMNASLGDFGLAKLHDQGNEAQTSRVAGTFGYMAPELMRTGRPTTGTDVYAFGVFMLEVSCGRKLFEPRAEPEEIVLADWAINRWENGDIIEAASERIRQDYDKGQLELVLKLGVLCSHQAEEVRPDMATVVKILDGVSELPDNLLDVVRTEKMGRWYEMYGNVLDVETTMESGGNLTITEPLTSVGR*
Sar01g02490R,MSRSFTIENNCDYTIWPATYNYQGSVDTTGFILEKGETRTINTTSSWIGNIWGRTLCDTNSSGGFSCITGDCESGEIECSRPVVPPATLAEFNLAVDGGNDYYDVSVINGYNLPVLVTPENGTCKSIGCDVDIKKTCPTELWDNRTDIRSNDPYACETSCQKNQLPELCCVGLYQEEGVPPQECKRTIFSETFNRECPGAYSYAYDTNISTFTCPYSSNFLIQFCPGPNTTT*IHIHSSLFHF*IIYIYIHHSHHYDLQYYMLVGKALTGYFHTLYHLNALCMQLVIVVTNLELFYWLKLLDHFVDF*GFI*SSFFWEGSPLQKKKMNLKWFVFPSRTNHSKKNENNSCTNRKSSLVECIMLTPRKGTTIHVFWIHVYIVTNQWA*YFRCILM*VTCCSSNNRNPTAEPPVAPSVSPSTKKTLAGEKG*FIHYSTYGL*KCLYIHFLLIN*NLYLILFAGKFSLKLILILGTL*LASTV*HYSSLSCSLINDLYST*LTFEACSLVGGSSVFAMIIIIAIVIKVRANNRRKSDLDGKNIEAVVMLKRFSYAQVKKMTKTFADVLGKGGFGTVYKGKLPDGSRDVAVKILKESNENGEDFINEVASMSRTSHVNIVSLLGFCYEGSKKAIIYEYMPNGSLDKFISEKMSGKMEWKTLYNIAVGVSRGLEYLHNRCVTRIVHFDIKPQNILMDGEFCPKISDFGLAKLCKNNESIMSMLDTRGTAGYIAPEVFSKNFGGVSHKSDVYSYGMVVLEMIGARDKEKAQKSGSNNKSMYFPDWIYKDVEKGEIMSFFEDQVIEEEDETLVEKMVLVGLWCIQTNPFDRPSMSKVVEMLEGSLEALKIPPKPLLSIPAITVQRSAGEVQDSSSFSKPSQDTSLYSEEAVQEITEEHSLRSS*
Sar01g02660R,MTLTITSAPGSSGYLDMYPERRMSYFGNSYILGLTVTAGIGGLLFGYDTGLSLLHSPINMFLSLRFGSSTDPFVKVSYFELKTCLIEAI*TWLCRTKELLVNTHQLTCSYALELDSSLAHL*KFRNLNRKLDFS*SYFELGCV*FYSLQV*SLVPFCTLKMISKSLSRAASYRYLLYLFQAVNFQCCHSRRMCFFFVGNYCEYGFSWCYARCSSRRLDQRLLRT*KSHHVC*RRLRSWSDRHGCCS*SVRLDRRSFLGWFRSWGRLGHCTRLYSRSISL*SERWSCEHQCVDDHRWTVSFLPR*LCFHTG*LVS*LIN*LVS*LVS*LVNQIIIFWQVPGTWRWMLGVSGVPAVVQFVLMLFMPESPRWLFMKNRKEEAIQVLTRMYDISRLEDEIDHLSAAEEEEKLRKHTVGYMEVFRSKEMRLAFFAGAGLQAFQQFTGINTVMYYSPTIVQMAGFHSNQLALLLSLIVAGMNAAGTVVGIYFIDHCGRKKLALSSLCGVFISLVILSVSFFKQSDVSSDGGGLYGWLAVLGLALYIAFFAPGMGPVPWTVNSEIYPQQYRGICGGMSATVNWISNLIVAQTFLSVAEAAGTGVTFLILAGIAVLAAVFVVVFVPETQGLTFSEVEQIWKERAWGNNSGWGSSSESNDTDGLLEQGS*
Sar01g03310R,MSLCSSLNADGLSLLALKSAVENDPTRVMNHWSESDITPCHWSGIVCTNGRVTSLDLFGKSLSGYIPSELGLLDSLNRLDLAHNNFSKPVPVRLFEPTNLGYIDLSHNSLSGPIPDQIRHLKSLNHLDLSSNRLNGSLPESLAELGSLTGTLNLSFNRFTGEIPPSYGRLPAHLSLDLSRNNLTGKVPQVGSLLNQGPIAFAGNSRLCGFPLQTPCQELEIPNLVAVKPEETEELQKPNPSVIGKEDGKEKQITTDSVTVSLISGVSVVIGAVSLSVWLIRRKQSSAVYKTETVVREFDEEGQDGKFVAFDEGFGLDLEDLLRASAYVIGKGRSGIVYRVVAAEPSSSSSSSSAAVVAVRRLSDGNATWRFKEFVNEVESIGRINHPNIVRLRAYYYAEDEKLLITDFINNGSLYSALHGKKH*SFIKFQYLILYLLLQTANYHVCLNISVVTMFWGSMLFDLKMQSFLFCVRLWYSD*CWLLLLVVLLFKDFLVDMCRNFKQ*M*RISMWNLCICQKKKTDLILYGVHVIDSAILCGHVFFMVKH*SLR*N*W*FLLKIDFFFSMVR*YACNMFDSVIRCVD*DTKLTVCVFLFFFVGGPSNTRHLLSWAERLHIAQGTARGLMYIHEFSSRKYVHGNLKTSKILLDDELLPHISGFGLTRLVHGYPKLADHSLSTNVQSFATRLSAPQAAYLAPEARVSSGCKLSQKCDVYSFGVILLELLTGRLPDGSSENEGEELVSVVRKWHNEERSLAEIFDPKLLKQELADKQAIAAAIRVALSCTNMDPEMRPRMRSVSDSLGRIKSV*
Sar01g03490R,MEGSGKLELRWESNITFWSSGNEEAVKKIGAVLTPEGALSLVEQDLMEKPVWSVFGEDHNDTVKFRFLRLDRDGNLRMYSFHEGSRSWRPVWQAVENQCRVFATCGSQVCSFNGSASPQCSCPYNTFAEVSNTKCLAPYQKLGCKSGFSMVTFKNMELYGIYPASDTVFSPVSSQRCKKMCLEDPSCTAVTYKNDASDPQCLMKLTRYVSGYSDPSLSSVSYVKTCSDPMAVDPSKGDVVVTVTKKSRSVCLPCLISATSATLVLFLAFQVGVLVYIYRRKKKEAVKRAERFSKGTNPKGVIVFSVDEIKEMTNNFEDSIGPQMFKGVMSENELVAVKEMEARSTEERKFRSSAAKIGTMHHKNLAKLEGYCCERGRRFLVYEYAKNGSLLDHAERLTWRNRADTCLSVAKALFYLHSECREFVSHGSLNCGNVLLGEDMEAKLTEYGFGSCAADKDVEDFGKMVLTLVTGRYEEEVVSEWVYREWIEGRGENVVDTRLEGGFDVEELERVLRISFWCVQVDERLRPSMGEVVKVLEGTLSVDPPPPPCVCARSSPSNSSESGQSLCESVRE*
Sar01g03590R,MAFWFVPVLLIVGFLSKPELVEAQLNDAAAVLAIHRELGVPGWSSNGTDYCTWVRLKCGANNSFVEMLDLSGLQLKGNATLISDLRSLKHLDLSGNSFNGPVPASFSNLSELEFLDLSLNRFVGGIPVEFGKLKGLRSLNVSNNLLVGEIPDELMVLERLEEFQVSGNGLNGSIPHWVGNLSNLRVFTAYENELVGEIPKGLGLVSELELLNLHSNKLEGKIPKGIFEKGKLQVLVLTQNRLTGELPEEVGICSGLSSVRIGNNELVGVIPRTIGNVSGLTYFEADNNSLSGEIVAEFSKCSNLTLLNLAANGFAGTIPTELGHLMNLQELILSGNSLFGEVPRSFLGLGNLNKLDLSNNRLNGTIPKELCSMPRLQYLLLDQNSIRGDIPHEIGNCVKLLQLQLGRNYLTGTIPPEIGRMRNLQIALNLSFNHLHGSLPSELGRLDKLVSLDVSNNMLTGSIPQQLKGMMSLFEVNFSNNLLSGPVPVFVPFQKSPNSSFSGNKELCGAPLSSSCGYSDDLEHLRYSHRVSYRIVLAVIGSGVAVFVSVTVVVLLFMMREKQEKAAAKNVDVEENVEDEQPEIIAGNVFLENLKQGIDLDAVVKATMKETNKLSTGTFSSVYKAVMPSGMVVSVKKLKSMDRAITQHQNKMIRELERLSKLCHDHLVTPIGFVIYEDVALLLHQHLPNGNLAQLIHESTKKPEYQPDWPMRLSIAVGVAEGLAFLHHVAIIHLDVSSSNVLLDSGYKPVLGEIEISKLLDPSRGTASISSVAGSFGYIPPGIV*SL*FILPIK*LHKIQHICLVFVLRVCIHNASDCTGECIQLRSRVA*DSNLKSTG*GRVW*RSRFGEMGPWSFRERRDTGTDT*CQA*HSVLRLEERDACSSESCIALHRYHTCKKAKDEESS*DASRG*AKQM
Sar01g04070R,MDYKLLAIIVASASSIFIILLLLITIFLCRRRHAIQNHPRRDHTTHQRTTTTPNSSTALNPAASSESTSFDPSIREISMSELSLATNSFSSNLIVGDGSFGLVYRAELSDGVVVAAKKLDRDALQGLREFTAEMETLSSLRHPNIVRILGYCISGPDRVLIYEFLERGSLDDWLHESTTVNASYALPWATRLSIAHDVAKGLAYLHGLPKPIIHRDIKSSNVLLDSGFAAHIADFGLARSIDASRSHVSTQVAGTMGYMPPEYWEGNTAATVKTDVYSFGVLMLEMATRRRPNWTVVVDGKEVGLAQWAVMLEGKNRYNEMVEPSFVGEKGVDEYFGIASLCIKESSKERPTMDQVVKLLEEVLVSE*
Sar01g04640R,MNEKRRSTVSSILKMRSLAAFVVLLSFSSCYSLKEEGTSSFLSCMFCLNKFPENMFSSSSVSLCVFRFR*R*IGERSMV**RFCVSVSPFISCLVWYNNNNLNL**VVGWYIYCF**FHTHTHTHWILCM*KKKQLFVTSNHY**SLKNML*TNL*SNMKNQKKKVKRTKLSFEVNIC*RGLILIV*LNNLKFLDPYLYNLKIQYYFFF*FFLSTKNGFHNLKTYINTLC*SILIMSQSFFFHVSALGFKLLLEST*TCCDINHFDLESLHHVATT*P*FCFFYLL*QSCWVSQESTCTS*PINIRQVAFQKKQP*RWGCNYHTTIIPTTFSKECFNSIFNSFGSRNYTRSFSFTSSSSDVCSPCKLSYSKKLCFFFSGCYCSCCLRRRCCSSPPCSYRCVLLQK*SREVSESLAYRS*RTTSESVCNW*VTSMFGKYT*LSERFSTKVCFVYSGIPTLKRSEIEAACEDFSNVIGSCPIGKLFKGTLSSGVEIAVASIDTTCAKDWKNITEIQFRKKVWSFPVSFIFVMLTKYSSLYICSVSHFCRLRCYPR*TTRTL*TFLATVKKTNLSQGS*SLSMLQTVHSLNIYTVSNMS*AIISHVGSVSL*SKQ*ANLFYLL*VKNQNTWTGE*G*ESQWA*HIALTTCTNSAHR*LTQTSSHHHFTSQKTTL*N*PTSLLVRLRQRRAPTQTKT*TSQT*TLRTTFTASVYYYSK**PENW*IRLTNQTL*IQD*LIS*EERV*PRWLIQHWSLTMTRLRI*VR*SSHASGPTRKRDLR*KKSRDGYGRLREYRLAMLHRHYHLFGGQSWRFCLWR
Sar01g05410R,MAIKERSLEETPTWAVAVVCFVILFISILIEYFLHFIGHVCILLLLFSFFVLSKYSFLSFVYLLQMKQ*EIIRNIQYTSSIFFLDKNLVGIV*SLLVL*SL*WFKKKHKKALYEALEKVKAGKFNYSSI*RLLSF*TTILLIFPYVLFQLIFFFLVCYENRTDATGIHIASTCCVTNTSLRNLHPK*SCCDLASL**GTRAG*IWSRLYRRWSQNS*GL*LQ*LL*SSSKFSHQGL*QMRRKGMFYILSSYYLLFTFLTFPLLFNNYHWNLNIILLVLIIIF*GKVALVSAYGIHQLHIFIFVLAVFHILYCITTYALGKTKVNNLSRHFHKCIYNCVYMCSVL*YIKYNMQMKKWKSWEKETKTIEYQYANGRIAIISLP*SFFLAVLRSIKKMTTGRI*YFIGCITLATYMIKLVYLID*LFFIDLNNRTCLVMNCSFDVRKSKKKGTC*WNIPMTSAFCLTHE*TI*RKKVTSLF*TNYFCLSSSLVYSNSV*LFKYCRSREVQICKRYIVWT*TFECMEQVFCYTLDGQFSAYMNFI*KLHLLFCILNLVKYNNKTYR*MGLCRLVSSDSSLDQ*QKLIILH*GMGLSW*VILLITIYYNTLFVSKISIF*KKICF*RSIFTFSIQVLLNNYKFQKI*LQLLNFYWLIIVEKNNNKKLCKFNVFS*YL*KS*NIDFFRNRGILFNSII*FLIEKIILIELS*KKNIE*GMIGAGSFASRK*SSFRFPKIHSKIFGRRFQGCCRYKVSFFI*IKFINIFSNNLIYKYLIKLPINIFECE*KCSPLIWCIAVLFLLTNTHGWS*VFIV*FN*SYKLYVVENDIYIKSISFWKF*QDGLPIFGCLSSLWL*VIIYTFTS*IFFSIGVFMLSWFCYVIVIVNIY**Y**YGWYV**TEGDINSRSKTSSYNIEIRTKDSR*RRCG*RSSCG*TGR*SLLVWSSSFHSLPHSLGSFHGIINLLLCVF*YFLSLLI*L*FF*K*FSFNVFVFAECISTGFLRLEHCEQ*SISFQINK*KFYFFNAG*SSY*KWCFQ*LIDDGFGINFSVRVHT*KLLPPQNGRYYNQDRHGVC*LPQLAI*YIYNTNI*C*VMFCTFTLNFSCCLRQGNNTSSM*LYHPTSLCSRDSGII*VAKLFVNIQVQTCTIIC*T*LRYI*IPIRRV*YIHVLICRYSYALRFSHQTSYL*ITRSTYIQRGLSGHSSKSNLILGSIIYS*FG*TLISILCQDSYIFELKTIV**IDKCLNSHIIYYYFSKSIYDSNTKP*LQMGTSMRPTIFNDRVANALKKWHHTAKKHTKHGHSGSNTPSRPTTPTHGMSPVHLLHNYHNRSLDQQTSFTASPSPPRFSDYGGQGHQRFFDPESQSVSGQHTDSENNNSQHPHADTTSPVREEREITEHVRVDLPEFTFKK*YEFYTLLAVYFL*MI*SFKWPFLSLFLFIL*ILMSALNNTKTFYNIISY*QTIYHQII*T*NVLSLAVYGSPFLLH*HDQARANKFK*KLQNN*KSDIVTRISRARSTQQLNGPILINIYIKDMHILNP*RPFIFESLYNSSVETSLSKIASKFNKELKDHK*QTYVWPALGESGWTLHATVPQ*LLAIPIKPNCSTYPGVSFFY*IFTLVSSPDRCLPRGD*YLPSLRSPAGLKSSTS*KEVALCLSTKLFCLMG*KSQSKEPMLQQSFILTTVALSPS*RFFARLDTATL*IC*GIARRWGHGLGLWVHATRYAS*SSPWRSFNWNVRLNITPSVSFCKMF*KIFLFQFI*CFEVFYMKLLKQLIKILKANV*CLSYVFRIVIINYFCLTFCYNQMFLIKNYFLSLCVYTKTSYKKK*RVCCKLQ*DLITYTMKWILL*FIEL*RRLTSCWTVKCVQELQILDWLALVN*TQG*AIEKVMCMT
Sar01g05510R,MKGVVQKIYHNSYTFSFFVVIVLFHRVLSISVSTLSSSETLTISSNRTLVSPGGVFELGFFKPSERSRWYLGIWYKQVTEKTYAWVANRDNPLTNSTGALSPIPQEPSKSIATISSFLIS*IKLFGPRIFLAEMPNRPR*QQSCSLMVTLF*ETHPTTTTTTPVNSCGRVSIFRQILYFRG*N*VTILKQSATGSSHHGQLRMIRRAGISRSNSTSLENHLNFFFL*IKIG*CIGAVPGLEHRRCKDQITRFTILRRRSLSAS**PTIASTRD***ETGSSWSSRGFRHHRHGSCPWILFSRISAIFTLHVVGLILTVT*TRHRSVTV*QGTFQRTTLNGQSGT*Q*AVHLGV*GRRRVVEEMSFCS*TIPSCLILRRRLWIGESSM*RHVRIDVLAIVTVRRLRLEMLDSVV*SGPESSLIYGLILKVVMIFM*KCRLMMMQVYIS*PNKSSSWSA**LFKYPCRFFLG*EERPNWKNHWLDYWWSQCYAYSDCYRLLLLEEETEASKSRCCSTYYW*IN*VFLFLFFCLLVFCLLILLCVRI*WQTKF**TRWCYQEGREICLERTK*KIWNFH*WSLKLLSQPPNISLIRTKSEKVVLVLFTRYK**M*SITAFAVLVTL*VFLIR*NKILVQRSSITKTFTI*VNTIIFF**K*SIYLYFYL*SEFTDLSCSP*F*VILIICHVFISFI*DFELYIRLYILYLYLVIFYIQLLILIKKFIIILRIIKTLKIISYLNS*IYTILNYYIY*RFSPCLLFICHIF*VICLLLLFAIFSIILDNFFICHYLLFISHTFYNFR*LAYLLCF**F*F*F*LFVIFSIFRLLFLFVMFLIISIDNFIYLSYFKIILVLLIYYVLHNFKLFLSCFIIFRSLFVIFHIIS*VISFNK*ILNY*FLFILMIIQ*IFSLYSEIIIINEYYQI*Q*FFNFFVLCLF**Y*II*YLY*LFLKDSLLFFYVTEFKKYNLLLAVKNKNLAFTKHI*FIILFYNFLVKLKYVLIIVDFSVTINSDEEENHIKCN*DFDGEMIDFIFL*IYLLCYFKVLIKDYEVIILLILFTRVVW**NK*KIL*VPNHYLVVL**KKYSD*FYI*N*LNNLE*NLKLC*KIELV*YILVVHKCAGHHLVYSKLFTKYYNNMNLYKTRTYKMLVL*I*TSVYKENVNFVLKNNLTWISFVDKFKRKLTHYKIKKNTLKYVFLNFICIV*VIIKICVTREG*LTGKK*R*RDYRKCHLKVPMSS*PKLG**QGFSIEISSAFLAVVFMRARRC*STNTWRI*ASILIFFVSVSTLHKSHILSSLWLMFCERIADEARSCLLNWQMRFDIISGIARGLLYLHQDSRFKIIHRDLKASNILLDKDMTPKISDFGMARIFGRDETEANTRKVVGT**ASIIIIF*NREDT*KLCFFYLI*YNCYVVVTCLQNMQ*TGHFR*SQMCSVLGSCFLKL*VARGIEASATRIVILIFSDT*NLK*PFFYSICISIIIIKKF*IRCGGIGVKIKV*R**TLQSS*ILHHQHSGHVKS*GACKLAYCAFKNL*RIDQ*CRQ*F*CSEVKEY*FPNLNSQVTV*PVEVHLIHRVNSVTMELGQ*TNSPIQSLTLA
Sar01g05550R,MHHLSGQYPNVIQIVGVYEDAVAVHVVMEICAGGELFDRNIQRGHYTERKAAELARTIVGVIEACHSLGVMYCDLKPDNFLFVNGDEEAALKTIDFGLSVFFKPDLCLMPNTSFSLIST*DSCV*FFPIFGETFTDVVGSPYYVAPEVLKKHYSHECDVSSAGVIIYILLSGVPRFGMVRDNLINASSNDQMVETN*NVMICQKRNKASLGKF*MVTLTFVSEPWPSVSENAKDLVRWMLIKYPKKRMTAHEVLS*CYFFLNKFHLPF*IRKCYTRTGPEIFFFWGGGGCYKHFMLRVIKLIIWRPYYLCLIAF*KLGTKTNVSSGCFHPIVSRTDPC*HITTYKYCNVNYVAGHLGQSGQCGS**AS*FCCPHSFDAVFGHEQAQENCYQSEQFIMST*NYLQIYLDVTCCYVYIDQVIAESLSEEEIAGLKEMFKMIDTDNSGHITLEELKKVLDRVGANLKDSEILGLMQAVSHA*LSWTI*YIKLSHNKENTFFQADIDNSGTIDFGEFIAAMVHLNKIEKEDHMFTAFSYFDKDGSGYTTRDELQQACKQFGLADVHLDDILSEVDKDNVKKDMLLLSVIT*EHHCCLNDSIILCVLVFVRMEE*ITVSSWI*CKTLDLAKWV*W*VEETKPTS*FPPFSNFFFFF*FDLSNNYLWIYVYVRLSISFLKQVLSTVFHIVILLSHFLLSNELARRKTIEVSYSFYVLYS*HRSM*SYFRES*K*NFSVLLSNYICTYVLDFCCCCMFVCQTKRLEYFLY*QRYEVKTQYLMNQVGTGRSNKS*LLVDDCLMFVSP*SSLETISRLAISTLLVWLSLKNIPN*LYSFRGINWIASEIGVPMISSTPWLECNLQLHI*IKTYIT**TG**LTVSS*AFRSYQFFF*TQ*ELPFIHIKYINIF*VK*IKNLLLF*H*KELMYQ*DPVEVVKAAMK*ADT*RVLFFSFNWKRSQHIYRPHCYRCISKTSHVVHDALQEPHVSNNHLFIYFLTHSPRSLLPNQPFSLSLSLSLSLQESKNKWGQRLSWK*FWRFFCLPSAFSSDMVVG*AVI*IQSLV**LYLAS*LIIK*SDECRLSSGYVCC*LCWVTSLGLSTLSTFLWY
Sar01g05560R,MKGVVQKIYHNSYTFSFFVVIVLFHRVLSISDSTLSSSETLTISSNRTLVSPGGVFELGFFKPSERSRWYLGIWYKQVTEKTYAWVANRDNPRNLSQQSRPS*SVK*NCLDHESSMPNRPR*QQSCSLMVTLF*ETHPTTTTTTPVNSCGRVSIFRQILYFRG*N*VTISKRSATCSSHHGEVPTSGNFTYKLNITRKLPEFVFCMNEVWIIQRSGLAMQGSITWLQFYGDRLQLRDDQPKHLLEIDNQQLDTRSIHVDPNITGMETALGIITPSVRVIHILWV*FIL*QKRDVTSL*LY*RVRSKGPGCLELDSLFIWMCEEEGA*LRRRTWVFAAKQYQVAGY*DGDCGSENHRCEDM*G*MS*RL*LYVVCVWKCWTRLCDLDRRAR*YTDLF*RWS*SLCESVG***CRYISLNRIKVRVGQLNSFSNILADFSSGEKRDRTGKIIGLTIGGVSVMLILIVIVFCFWKRRQKQAKADAAAPIIGK*IEFFLFLFFCLLVFCLLILLCVRI*WQTKF**TRWCYQEGREICLERTK*KIWNFH*WSLKLLSQPPNISLIRTKSEKVVLVLFTRYK**M*SITAFAVLVTL*VFLIR*NKILVQRSSITKTFTI*VNTIIFF**K*SIYLYFYL*SEFTDLSCSP*F*VILIICHVFISFI*DFELYIRLYILYLYLVIFYIQLLILIKKFIIILRIIKTLKIISYLNS*IYTILNYYIY*RFSPCLLFICHIF*VICLLLLFAIFSIILDNFFICHYLLFISHTFYNFR*LAYLLCF**F*F*F*LFVIFSIFRLLFLFVMFLIISIDNFIYLSYFKIILVLLIYYVLHNFKLFLSCFIIFRSLFVIFHIIS*VISFNK*ILNY*FLFILMIIQ*IFSLYSEIIIINEYYQI*Q*FFNFFVLCLF**Y*II*YLY*LFLKDSLLFFYVTEFKKYNLLLAVKNKNLAFTKHI*FIILFYNFLVKLKYVLIIVDFSVTINSDEEENHIKCN*DFDGEMIDFIFL*IYLLCYFKVLIKDYEVIILLILFTRVVW**NK*KIL*VPNHYLVVL**KKYSD*FYI*N*LNNLE*NLKLC*KIELV*YILVVHKCAGHHLVYSKLFTKYYNNMNLYKTRTYKMLVL*I*TSVYKENVNFVLKNNLTWISFVDKFKRKLTHYKIKKNTLKYVFLNFICIV*VIIKICVTREG*LTGKK*R*RDYRKCHLKVPMSS*PKLG**QGFSIEISSAFLAVVFMRARRC*STNTWRI*ASILIFFVSVSTLHKSHILSSLWLMFCERIADEARSCLLNWQMRFDIISGIARGLLYLHQDSRFKIIHRDLKASNILLDKDMTPKISDFGMARIFGRDETEANTRKVVGT**ASIIIIF*NREDT*KLCFFYLI*YNCYVVVTCLQNMQ*TGHFR*SQMCSVLGSCFLKL*VARGIEASATRIVILIFSDT*NLK*PFFYSICISIIIIKKF*IRCGGIGVKIKV*R**TLQSS*ILHHQHSGHVKS*GACKLAYCAFKNL*RIDQ*CRQ*F*CSEVKEY*FPNLNSQVTV*PVEVHLIHRVNSVTMELGQ*TNSPIQSLTLA
Sar01g05590R,MHHLSGQYPNVIQIVGVYEDAVAVHVVMEICAGGELFDRNIQRGHYTERKAAELARTIVGVIEACHSLGVMYCDLKPDNFLFVNGDEEAALKTIDFGLSVFFKPDLCLMPNTSFSLIST*DSCV*FFPIFGETFTDVVGSPYYVAPEVLKKHYSHECDVSSAGVIIYILLSGVPRFGMVRDNLINASSNDQMVETN*NVMICQKRNKASLGKF*MVTLTFVSEPWPSVSENAKDLVRWMLIKYPKKRMTAHEVLS*CYFFLNKFHLPF*IRKCYTRTGPEIFFFWGGGGVINILC*E**N**FGGHTTYV**LFKSWGLRQMFHPVVFIRLCLEPILVST*LPTNIVMLIMWQVIWVRVDSVALDKPLDSAVLTRLTQFSAMNKLKKIAIKVNNL*CPLEIIYKFILT*HAVMFILIRL*LRVYQRKR*QD*KKCLR**IQTIVDTSL*KNSRKF*TELVLTLKIQKY*D*CKQ*VTHNYLGLYNILSYHIIRRIHFFRRI*IIVGL*TLESL*QRWCI*TK*RKKTICSLLSLTLIKMEVVIQLETSSNKLASNSA*RMFILTTF*VKSIRTM*KKICSCFQ*LLRSTIVV*MIP*FCVCWFLSGWKNRLQ*VRGYDARHWIWQNGFNGELKKQNQHLNFHHFLIFFFFLI*FKQ*LFVDICICAA*Y*FS*AGFVHCISHCHSSFSFLTLQRVS*EKDHRGFIFILCVIFLA*VNVKLL*RILKVKFLCVTIKLYMYICFGFLLLLHVCMPDKETGIFFILTTL*SKNTIPDEPSRNWAIQQKLIAC**LSNVCITLKFFGNHFSAGNIHASCLAFSEEHSKLIVFFQRYKLDCFRNRCSNDIKHALARM*PSVTYINQNLYYIVNRIIVNSLELSI*KLPIFFLNTIGVTIHTYQIHQYLLGQINKEPPLILTLKRINVSIRSRRSSESSYEVSRYLTCSVF*FQLEKVATHI*ATLL*VHLQNITRGT*CTARTTRVK*PSLYLLLNPLTTFTSS*STLLSLSLSLSLSLKNPKTNGVRDFPGSDSGDSSASRRRFPPIWLWGKQ*SKYSH*FNNFILPLN*LLNDLMNVG*VLDMFVVDCVGLHPWDYLRYLRSCGM
Sar01g05610R,MNEVWIIQRSGLAMQGSDYMVNSFTEIAYSFGMTNQSIYSRLTISNSILDLFTWTPTSQGWRQPSALSPQVCELYIFCGSNSYCDKNETSPHCNCIRGFVPKDQDAWNLTVYSSGCVRKKELNCEGEHGFLQLNNTKLPDTKTATVDRRIIDVKTCEDRCLSDCNCTSFAFGNAGLGCVTWTGELVDIRTYFEGGHDLYVKVSADDDAGIYLLTE*KFELVSLIAFQISLQIFPRVRRETELEKSLA*LLVESVLCLF*LLSSSAFGRGDRSKQKQMLQHLLLVNKLSFFYFYFFVYSFSVF*SFYVFEFSGKPSSNERGGVTKKEEKFVWRGRNRRFGTSTDGV*NCCRSHRTFL*FEQSRKRWFWCCLQGINNECDLSLRSRFW*RFKCF*YGKIKY*SKEVR*PKHLQYK*TQLFFFNRNDLSIYIFIYEVNLLICHAPHNFR*F*LFVMFLLVLFETLSYILDYIFYIYI*SYFIFNY*Y**KNLSLS*E*LRL*R*YHI*IVKFILY*IIIYTRDFLRAYYLFVIYFR*FAFCYYLPFSL*F*IIFLFVITYYLLVILSIILGN*LICYVFNNFNFNFNYLSYFPYFGYFFYLSCF**FQLTILFICHILK*F*FYLFIMFSIILSYFCRVLLFLEAYLSSSIL*VESLVLINKF*IISFYSF***FNKYFHYIQR*LL*TSIIKFSNNFSIFSSYVYFSNIKSFNIYIDYF*KIVYFSFMSPNSKNTISC*PLKIKI*LLLNIYNLLFYFIIF*LN*SMF*LL*TLVSL*IPMKRKII*NAIKILMEK*LILYFCRFIFYVILKY**KIMKLSYC*YFLHV*FGDKINKRSYKYQTIILLYCNKKNILINFIFETN*IT*NEI*NYVERLN*FDIY*SCTSVRAII*FIVNYLRNTTII*IYIKLGPTKCWYFKYKQVYTKKMLILF*KII*LGLVLWINLKEN*HIIK*KKILLNTCF*ILFV*YR*SLKYVSPGKVN*RARNSGEETIGNVISRYR*VHDRS*ANSKASA*KSRPPSWLLCL*GREDVNLRILGESKPRFSSFSLVSQLFIRVIYYHLFG*CFVNELQMKPEAVC*IGK*DLISSVVLPEDFCIYTKIHDLKSSIGI*KQAISCLIKI*LQKFQTLEWLGSLDGMRRKLTRGRWLELSKQAS*SYFETEKIPENFVFFI*YNIIVM*WLHVSRICNERDIFDEVRCVQFWGLAS*NYKWQEE*KLPRLG**S*SSRIRKT*NNLSFIRFVFQ****KNSESGVEELE*RSRSRDSRHCSHRRFFITNIQAT*NLKVLANWPTVRSRTCRG*TNDVVSSFDARK*RSIDSPT*TARLLCSQWKFT*YTE*TA*RWSLDSEPIHQFSH*RSL
Sar01g06280R,MDQAPAAVQTPRTPSPSVKMANEEAPNSDVKPKKEAHMKRMASTGLQIDSVLGRKTENLKEISSVGRKLGQGQFDTTFLCVDKKSGQELACKTIAKRKLTTPEGVEDVRREIQIIHHLCGHRNVIQIVCAYEDAVAVHVVMEICSGGERCSTGLYREVITLRGKLLSLQEPLLVLLKLVIPLVLQFGVTQDLSLCFFKPGLYLMLPLGYYI*VSCV*LFPIIGETFTDVVGKPLLCGSRSFNEAL*CHECDVWSAVVIIYILLSGVSLRFGMVRDILIHASSMFKWLRLIEML*YARNGTRHL*ASFER*P*LNLYQNRGLVYQKAQKIWSLGC*SAILRSQ*QLMKFSVSVLSF*ISFIFPFESQSGSTKAGLEILEDINIYVNMEAVLSIPMYNKLFKRWELRHV*CGRVHNRSTLSHNYYKYCNVNYVAAHPWARVDVVAVDKPLDSVVLTRLTQFSAMNKLKKIAIKVKILLNKYT*NDLQVTSLS*RYFLLRL**SGDSKKFVRGRDSRIKRNV*DDRYRVTDNSGHITTC*P*RFRII
Sar01g06700R,MSGFLGKLSPAKRVVAGNNDLPLFYTNQTSMETQRCPRDTPKVSATLAELLMNVEDARNDQRGLEMASPLTSSASSFNSWTSAPASSIASSPFVLSFTDLTYSVKIKKKFPPFCGNSSSNDSALNTKILLNGISGEAHEGEMMAVLGASGSGKSTLIDALANRIAKDSLRGSITLNGEVLESSLQKVISAYVMQDDLLFPMLTVEETLMFSAEFRLPRSLSKKKKKARVQALIDQLGLRSAARTVIGDEGHRGVSGGERRRVSIGIDIIHDPIILFLDEPTSGLDSTSAYMVIKVLQRIAQSGSIVIMSIHQPSYRIMGLLDRLIFLSRGNTVFSGSPTYLPQFFSEFDHPIPENENKTEFALDLIRELENSPEGTKKLVEYHKEWRGKQQAAARYYNNGITLKEAITASISRGKLVSGATTNSPSSFQTYANPFWIEMIVIGKRSILNSMRQPELIGMRIGAVMVTGIILATMFTKLDNSPKGVQERLGFFAFAMSTTFYTCAEAIPVFLQERYIFMRETAYNAYRRSSYVLSQSIISIPSLIFLAACFAATTFFAVGLAGGASGFLFFFLTILASFWAGSSFVTFLSGVVSNVMLGFTVVVAILAYFLLFSGFFISRDRIPLYWIWFHYLSLVKYPYEGVLQNEFEDTTKCFVRGIQIFDNSPLGQFPNAVKLSLLKSMSGVLGINVTAETCVTTGIDILKQQGVTEISKWNCLWITVAWGFFFRVLFYFTLLIGSKNKRR*
